<?xml version="1.0" encoding="UTF-8"?>
<MD_Metadata xmlns="http://www.isotc211.org/2005/gmd" xmlns:gco="http://www.isotc211.org/2005/gco" xmlns:gmd="http://www.isotc211.org/2005/gmd" xmlns:gml="http://www.opengis.net/gml" xmlns:xlink="http://www.w3.org/1999/xlink" xmlns:xsi="http://www.w3.org/2001/XMLSchema-instance" xsi:schemaLocation="http://www.isotc211.org/2005/gmd http://schemas.opengis.net/iso/19139/20060504/gmd/gmd.xsd">
	<fileIdentifier><CharacterString xmlns="http://www.isotc211.org/2005/gco">{CC563D8C-D794-4D13-B669-5A3B007F24F8}</CharacterString></fileIdentifier>
	<language>
		<gmd:LanguageCode codeList="http://standards.iso.org/ittf/PubliclyAvailableStandards/ISO_19139_Schemas/resources/Codelist/ML_gmxCodelists.xml#LanguageCode" codeListValue="eng">eng</gmd:LanguageCode>
	</language>
	<hierarchyLevel>
		<MD_ScopeCode codeList="http://standards.iso.org/ittf/PubliclyAvailableStandards/ISO_19139_Schemas/resources/Codelist/ML_gmxCodelists.xml#MD_ScopeCode" codeListValue="dataset">dataset</MD_ScopeCode>
	</hierarchyLevel>
	<contact>
		<CI_ResponsibleParty>
			<organisationName>
				<gco:CharacterString>European Commission</gco:CharacterString>
			</organisationName>
			<contactInfo>
				<CI_Contact>
					<address>
						<CI_Address>
							<electronicMailAddress>
								<gco:CharacterString>estat-gisco@ec.europa.eu</gco:CharacterString>
							</electronicMailAddress>
						</CI_Address>
					</address>
				</CI_Contact>
			</contactInfo>
			<role>
				<CI_RoleCode codeList="http://www.isotc211.org/2005/resources/Codelist/gmxCodelists.xml#CI_RoleCode" codeListValue="pointOfContact"/>
			</role>
		</CI_ResponsibleParty>
	</contact>
	<dateStamp>
		<gco:Date>2015-06-04</gco:Date>
	</dateStamp>
	<metadataStandardName>
		<gco:CharacterString>INSPIRE Metadata Commission Regulation (EC) No 1205/2008</gco:CharacterString>
	</metadataStandardName>
	<metadataStandardVersion>
		<gco:CharacterString>03.12.2008</gco:CharacterString>
	</metadataStandardVersion>
	<locale>
		<gmd:PT_Locale id="eng">
			<gmd:languageCode>
				<gmd:LanguageCode codeList="http://www.isotc211.org/2005/resources/Codelist/gmxCodelists.xml#LanguageCode" codeListValue="eng">English</gmd:LanguageCode>
			</gmd:languageCode>
			<gmd:characterEncoding>
				<gmd:MD_CharacterSetCode codeList="http://www.isotc211.org/2005/resources/Codelist/gmxCodelists.xml#MD_CharacterSetCode" codeListValue="utf8">UTF-8</gmd:MD_CharacterSetCode>
			</gmd:characterEncoding>
		</gmd:PT_Locale>
	</locale>
	<identificationInfo>
		<MD_DataIdentification>
			<citation>
				<CI_Citation>
					<title>
						<gco:CharacterString>Nomenclature of Territorial Units for Statistics (NUTS) 2013 - Statistical Units - Data set</gco:CharacterString>
					</title>
					
					<date>
						<CI_Date>
							<date>
								<gco:Date>2015-05-11</gco:Date>
							</date>
							<dateType>
								<CI_DateTypeCode codeList="http://www.isotc211.org/2005/resources/Codelist/gmxCodelists.xml#CI_DateTypeCode" codeListValue="creation"/>
							</dateType>
						</CI_Date>
					</date>
					
					<identifier>
						<MD_Identifier>
							<code>
								<gco:CharacterString>{54BE6050-7D79-4373-BC1F-85394D464829}</gco:CharacterString>
							</code>
						</MD_Identifier>
					</identifier>
				</CI_Citation>
			</citation>
			<abstract>
				<gco:CharacterString>This data set represents the regions for level 1, 2 and 3 of the Nomenclature of Territorial Units for Statistics (NUTS) for 2013. The NUTS nomenclature is a hierarchical classification of statistical regions and subdivides the EU economic territory into regions of three different levels (NUTS 1, 2 and 3, respectively, moving from larger to smaller territorial units). NUTS 1 is the most aggregated level. The NUTS classification has been officially established through Regulation (EC) No 1059/2003 of the European Parliament and of the Council and amendments. A non official NUTS-like classification has been defined for the EFTA countries and candidate countries. An introduction to the NUTS classification is available here: http://ec.europa.eu/eurostat/web/nuts/overview 
 This data set has been created mainly from the EuroBoundary Map v 8.0 and 8.2 (Eurogeographics), geographic information from TurkStat for Turkey, the Global Administrative Unit Layer from the Food and Agriculture Organization of the United Nations (FAO-UN) for Macedonia and a list of communes per statistical region provided by the countries. The public data set is available under the &amp;quot;Download link&amp;quot; indicated below. Available scales are 1M, 3M, 10M, 20M, 60M. The full data set is available via the &amp;quot;EC restricted download link&amp;quot; under &amp;quot;GISCO.NUTS_2013&amp;quot;.  Here six scale ranges (100K, 1M, 3M, 10M and 20M, 60M) are available. Note as of 04/06/2015 only 100K and 01M are available. Other scales currently in production.

Coverage is the economical territory of the EU, EFTA countries and candidate countries as in 2013. Official NUTS geometry has yet to be approved for Serbia and Albania.</gco:CharacterString>
			</abstract>
			<pointOfContact>
				<CI_ResponsibleParty>
					<organisationName>
						<gco:CharacterString>European Commission</gco:CharacterString>
					</organisationName>
					<contactInfo>
						<CI_Contact>
							<address>
								<CI_Address>
									<electronicMailAddress>
										<gco:CharacterString>estat-gisco@ec.europa.eu</gco:CharacterString>
									</electronicMailAddress>
								</CI_Address>
							</address>
						</CI_Contact>
					</contactInfo>
					<role>
						<CI_RoleCode codeList="http://www.isotc211.org/2005/resources/Codelist/gmxCodelists.xml#CI_RoleCode" codeListValue="pointOfContact">pointOfContact</CI_RoleCode>
					</role>
				</CI_ResponsibleParty>
			</pointOfContact>
			
			<descriptiveKeywords xlink:title="inspire-data-theme-keywords">
				<gmd:MD_Keywords>
					<gmd:keyword>
						<gco:CharacterString>Administrative units</gco:CharacterString>
					</gmd:keyword>
<gmd:keyword>
						<gco:CharacterString>Statistical units</gco:CharacterString>
					</gmd:keyword>
					<thesaurusName>
						<CI_Citation>
							<title>
								<gco:CharacterString>GEMET - INSPIRE themes, version 1.0</gco:CharacterString>
							</title>
							<date>
								<CI_Date>
									<date>
										<gco:Date>2008-06-01</gco:Date>
									</date>
									<dateType>
										<CI_DateTypeCode codeList="http://standards.iso.org/ittf/PubliclyAvailableStandards/ISO_19139_Schemas/resources/Codelist/ML_gmxCodelists.xml#CI_DateTypeCode" codeListValue="publication">publication</CI_DateTypeCode>
									</dateType>
								</CI_Date>
							</date>
						</CI_Citation>
					</thesaurusName>
				</gmd:MD_Keywords>
			</descriptiveKeywords>
			<descriptiveKeywords xlink:title="custom-keywords">
				<gmd:MD_Keywords>
					<gmd:keyword>
						<gco:CharacterString>NUTS</gco:CharacterString>
					</gmd:keyword>
					
				</gmd:MD_Keywords>
			</descriptiveKeywords>
			
			<resourceConstraints>
				<MD_Constraints>
					<useLimitation>
						<gco:CharacterString>This data set should be referred to as: &amp;quot;Nomenclature of Territorial Units for Statistics (NUTS) 2013 - European Commission, Eurostat/GISCO&amp;quot; An overview of the use conditions is given below. The detailed use conditions are available here: 
https://circabc.europa.eu/d/d/workspace/SpacesStore/6f5186f3-908b-413a-8687-191604976751/EuroGeographics%20Use%20Conditions%20-%20From%20Contract.pdf Access to the detailed data is restricted to the personnel of the European Commission, the Executive Agencies and contractors, due to intellectual property rights. The contractors can access the data after signing an agreement form. The agreement form can be requested by the responsible service from European Commission - Eurostat/GISCO (ESTAT-GISCO@ec.europa.eu). Once the form has been signed, access will be provided by European Commission - Eurostat/GISCO. Data can be published in the form of electronic images, statistical tables and on paper. Subsets of this data can be made available to the general public for non commercial use, only if the data covered either has a spatial resolution of 1:1.000.000 or smaller, or less than 20% of the original EuroGeographics data is shown for the selected extent. The source and intellectual property have always to be acknowledged. To this end, an acknowledgement as specified below must be visible on any printed or electronic publication using the data. Acknowledgement notice, depending on the language used in the publication: English: Administrative boundaries: © EuroGeographics, © FAO (UN), © TurkStat Source: European Commission – Eurostat/GISCO French: Limites administratives: © EuroGeographics, © FAO (UN), © TurkStat Source: Commission européenne – Eurostat/GISCO German: Verwaltungsgrenzen: © EuroGeographics, © FAO (UN), © TurkStat Quelle: Europäische Kommission - Eurostat/GISCO For publications in languages other than English, French or German, the translation of the acknowledgement notice in the language of the publication must be used</gco:CharacterString>
					</useLimitation>
				</MD_Constraints>
			</resourceConstraints>
			<resourceConstraints>
				<MD_LegalConstraints>
					<accessConstraints>
						<MD_RestrictionCode codeList="http://standards.iso.org/ittf/PubliclyAvailableStandards/ISO_19139_Schemas/resources/Codelist/gmxCodelists.xml#MD_RestrictionCode" codeListValue="otherRestrictions">otherRestrictions</MD_RestrictionCode>
					</accessConstraints>
					<otherConstraints>
						<gco:CharacterString>(e) intellectual property rights</gco:CharacterString>
					</otherConstraints>
				</MD_LegalConstraints>
			</resourceConstraints>
			<spatialResolution>
				<MD_Resolution>
					<equivalentScale>
						<MD_RepresentativeFraction>
							<denominator>
								<gco:Integer>100000</gco:Integer>
							</denominator>
						</MD_RepresentativeFraction>
					</equivalentScale>
				</MD_Resolution>
			</spatialResolution>
			<spatialResolution>
				<MD_Resolution>
					<equivalentScale>
						<MD_RepresentativeFraction>
							<denominator>
								<gco:Integer>60000000</gco:Integer>
							</denominator>
						</MD_RepresentativeFraction>
					</equivalentScale>
				</MD_Resolution>
			</spatialResolution>
			
			
			<language>
				<gco:CharacterString>eng</gco:CharacterString>
			</language>
			<topicCategory>
				<MD_TopicCategoryCode>boundaries</MD_TopicCategoryCode>
			</topicCategory>
			<extent>
				<EX_Extent>
					<geographicElement>
						<EX_GeographicBoundingBox>
							<westBoundLongitude>
								<gco:Decimal>-69.103165</gco:Decimal>
							</westBoundLongitude>
							<eastBoundLongitude>
								<gco:Decimal>61.786290</gco:Decimal>
							</eastBoundLongitude>
							<southBoundLatitude>
								<gco:Decimal>-26.018616</gco:Decimal>
							</southBoundLatitude>
							<northBoundLatitude>
								<gco:Decimal>75.814181</gco:Decimal>
							</northBoundLatitude>
						</EX_GeographicBoundingBox>
					</geographicElement>
					<temporalElement>
						<EX_TemporalExtent>
							<extent>
								<gml:TimePeriod gml:id="Temporal">
									<gml:begin>
										<gml:TimeInstant gml:id="TemporalBegin">
											<gml:timePosition>2013-01-01</gml:timePosition>
										</gml:TimeInstant>
									</gml:begin>
									
								</gml:TimePeriod>
							</extent>
						</EX_TemporalExtent>
					</temporalElement>
				</EX_Extent>
			</extent>
		</MD_DataIdentification>
	</identificationInfo>


	<distributionInfo>
		<MD_Distribution>
			
			<transferOptions>
				<MD_DigitalTransferOptions>
					<onLine>
						<CI_OnlineResource>
							<linkage>
								<URL>http://ec.europa.eu/eurostat/web/nuts/overview</URL>
							</linkage>
							<function>
								<CI_OnLineFunctionCode codeList="http://www.isotc211.org/2005/resources/Codelist/gmxCodelists.xml#CI_OnLineFunctionCode" codeListValue="information"/>
							</function>
						</CI_OnlineResource>
					</onLine>
				</MD_DigitalTransferOptions>
			</transferOptions>
			<transferOptions>
				<MD_DigitalTransferOptions>
					<onLine>
						<CI_OnlineResource>
							<linkage>
								<URL>http://ec.europa.eu/eurostat/web/gisco/geodata/reference-data/administrative-units-statistical-units</URL>
							</linkage>
							<function>
								<CI_OnLineFunctionCode codeList="http://www.isotc211.org/2005/resources/Codelist/gmxCodelists.xml#CI_OnLineFunctionCode" codeListValue="download"/>
							</function>
						</CI_OnlineResource>
					</onLine>
				</MD_DigitalTransferOptions>
			</transferOptions>
			<transferOptions>
				<MD_DigitalTransferOptions>
					<onLine>
						<CI_OnlineResource>
							<linkage>
								<URL>http://myintracomm.ec.europa.eu/dg/ESTAT/6-tools/GISCO/AccessGeographicalRef%20Database/Pages/AccessGeographicalRefDatabase.aspx</URL>
							</linkage>
							<function>
								<CI_OnLineFunctionCode codeList="http://www.isotc211.org/2005/resources/Codelist/gmxCodelists.xml#CI_OnLineFunctionCode" codeListValue="offlineAccess"/>
							</function>
						</CI_OnlineResource>
					</onLine>
				</MD_DigitalTransferOptions>
			</transferOptions>
			
		</MD_Distribution>
	</distributionInfo>

	<dataQualityInfo>
		<DQ_DataQuality>
			<scope>
				<DQ_Scope>
					<level>
						<MD_ScopeCode codeList="http://www.isotc211.org/2005/resources/Codelist/gmxCodelists.xml#MD_ScopeCode" codeListValue=""/>
					</level>
				</DQ_Scope>
			</scope>
			<report>
				<DQ_DomainConsistency xsi:type="DQ_DomainConsistency_Type">
					<measureIdentification>
						<RS_Identifier>
							<code>
								<gco:CharacterString>Conformity_001</gco:CharacterString>
							</code>
							<codeSpace>
								<gco:CharacterString>INSPIRE</gco:CharacterString>
							</codeSpace>
						</RS_Identifier>
					</measureIdentification>
					<result>
						<DQ_ConformanceResult xsi:type="DQ_ConformanceResult_Type">
							<specification>
								<CI_Citation>
									<title>
										<gco:CharacterString>Commission Regulation (EU) No 1089/2010 of 23 November 2010 implementing Directive 2007/2/EC of the European Parliament and of the Council as regards interoperability of spatial data sets and services</gco:CharacterString>
									</title>
									<date>
										<CI_Date>
											<date>
												<gco:Date>2010-11-23</gco:Date>
											</date>
											<dateType>
												<CI_DateTypeCode codeList="http://standards.iso.org/ittf/PubliclyAvailableStandards/ISO_19139_Schemas/resources/Codelist/ML_gmxCodelists.xml#CI_DateTypeCode" codeListValue="creation">creation</CI_DateTypeCode>
											</dateType>
										</CI_Date>
									</date>
								</CI_Citation>
							</specification>
							<explanation>
								<gco:CharacterString>See the referenced specification</gco:CharacterString>
							</explanation>
							<pass>
								
							</pass>
						</DQ_ConformanceResult>
					</result>
				</DQ_DomainConsistency>
			</report>
			
			
			<lineage>
				<LI_Lineage>
					<statement>
						<gco:CharacterString>This dataset is based on: EuroBoundaryMap (EBM) v6.0 and 6.2. from EuroGeographics (scale of 1:100.000), Global Administrative Unit Layer (GAUL) 2013 country data from UN/FAO, data from the National Statistical Institute of Turkey (TurkStat), General Register Office for Scotland (GRO) (scale 1:100.000). The different scale levels were derived by generalisation of the 100K scale using ArcGIS toolbox Simplify Line command. This data set consists of 2 feature classes (region polygons and boundaries) per scale level (100k, 1M, 3M, 10M, 20M, 60M). In addition there is also a label feature class (scale independent). This label point feature class was created with a label inside each NUTS region at the 3 NUTS levels (1 - 3) and countries. Furthermore two line feature classes were created: one feature class for cartographic joiners to identify where NUTS areas have one or more enclaves and a second line feature class for cartographic separators, to identify where the NUTS limits are in the sea. The arcs of two latter feature classes are only useful for cartographic purposes and are not meant to identify actual administrative or statistical boundaries stretching into the sea or any other significance. The boundaries and regions are related to each other through a relationship table. Associated tables contain basic information such as the region&amp;apos;s name. The 5 small scale feature classes should be used exclusively for cartographic purposes. This data set is consistent at all scales to a cluster tolerance of 0.000001 decimal degrees with the following data sets: &amp;quot;Communes 2013,  European Commission, Eurostat/GISCO&amp;quot;, &amp;quot;Countries 2013, European Commission - Eurostat/GISCO&amp;quot;, &amp;quot;Coastlines 2013, European Commission - Eurostat/GISCO&amp;quot;, &amp;quot;Exclusive Economic Zones 2013, European Commission - Eurostat/GISCO&amp;quot; . Different tests were performed to ensure conceptual- , domain- and topological- consistency. A detailed description of these tests can be found in the GISCO data wiki.

There a minor differences in total areas between NUTS levels of less than 10 square metres, this is believed to be due to rounding when data is dissolved and is within the tolerance specified and satisfies all topology rules. Exceptions exists in the data. The island of St Martin (NUTS3:FRA10) is not included at NUTS level 1 (NUTS1:FRA) due to a change in status of the island - For EU legislation it is an outermost region (TFEU 355(1), 349), and still part of France, and even Guadeloupe (FR91, FR910). So, data for France and Guadeloupe should include St.-Martin.

Errors have been noted in some flags in the NUTS_BN data due to a line having multiple statuses e.g. Part of the line is Candidate country but part is not. These are being corrected currently.

NUTS_LB - location of points may change as further scales are produced to find a point location that is appropriate for the data at all scales.

Separator and joining lines for Island NUTS regions will be produced when all scales are available.</gco:CharacterString>
					</statement>
				</LI_Lineage>
			</lineage>
		</DQ_DataQuality>
	</dataQualityInfo>
</MD_Metadata>