<metadata xml:lang="es"><Esri><CreaDate>20150413</CreaDate><CreaTime>15234400</CreaTime><SyncOnce>FALSE</SyncOnce><DataProperties><lineage><Process ToolSource="C:\Archivos de programa\ArcGIS\ArcToolbox\Toolboxes\Data Management Tools.tbx\Dissolve" Date="20150213" Time="150310" Name="" export="">Dissolve PaisesFlagSoloSHN "C:\Documents and Settings\danielleon\Escritorio\Proyectos\EUROSTAT-GIS\Trabajo local\nuts0.shp" EBM_NUTS.ICC # MULTI_PART DISSOLVE_LINES</Process><Process ToolSource="C:\Archivos de programa\ArcGIS\ArcToolbox\Toolboxes\Data Management Tools.tbx\Append" Date="20150213" Time="182335" Name="" export="">Append nuts1;nuts2;nuts3 "C:\Documents and Settings\danielleon\Escritorio\Proyectos\EUROSTAT-GIS\Trabajo local\Nuts2013.gdb\NUTS_RG_100K_2013" TEST # # "C:\Documents and Settings\danielleon\Escritorio\Proyectos\EUROSTAT-GIS\Trabajo local\Nuts2013.gdb\NUTS_RG_100K_2013"</Process><Process ToolSource="C:\Archivos de programa\ArcGIS\ArcToolbox\Toolboxes\Data Management Tools.tbx\FeatureToPoint" Date="20150213" Time="183353" Name="" export="">FeatureToPoint NUTS_RG_100K_2013 "C:\Documents and Settings\danielleon\Escritorio\Proyectos\EUROSTAT-GIS\Trabajo local\Nuts2013.gdb\NUTS_LB_100K_2013" INSIDE</Process><Process ToolSource="c:\program files (x86)\arcgis\desktop10.2\ArcToolbox\Toolboxes\Conversion Tools.tbx\FeatureClassToFeatureClass" Date="20150312" Time="121316" Name="" export="">FeatureClassToFeatureClass \\sf4\sig\EuroStat\EntregasBilbo_ArcGIS_v10\20150227\GISCO_20131550.gdb\NUTS_2013\NUTS_LB_100K_2013 C:\EuroStat\SC#1\COMM_PLUS_Derivaciones20150308.gdb\NUTS_2013 NUTS_LB_100K_2013 # "NUTS_ID "NUTS_ID" true true false 5 Text 0 0 ,First,#,\\sf4\sig\EuroStat\EntregasBilbo_ArcGIS_v10\20150227\GISCO_20131550.gdb\NUTS_2013\NUTS_LB_100K_2013,NUTS_ID,-1,-1;LAT "LAT" true true false 8 Double 0 0 ,First,#,\\sf4\sig\EuroStat\EntregasBilbo_ArcGIS_v10\20150227\GISCO_20131550.gdb\NUTS_2013\NUTS_LB_100K_2013,LAT,-1,-1;LON "LON" true true false 8 Double 0 0 ,First,#,\\sf4\sig\EuroStat\EntregasBilbo_ArcGIS_v10\20150227\GISCO_20131550.gdb\NUTS_2013\NUTS_LB_100K_2013,LON,-1,-1;STAT_LEVL_CODE "STAT_LEVL_CODE" true true false 2 Short 0 0 ,First,#,\\sf4\sig\EuroStat\EntregasBilbo_ArcGIS_v10\20150227\GISCO_20131550.gdb\NUTS_2013\NUTS_LB_100K_2013,STAT_LEVL_CODE,-1,-1" #</Process><Process ToolSource="c:\program files (x86)\arcgis\desktop10.2\ArcToolbox\Toolboxes\Data Management Tools.tbx\CopyFeatures" Date="20150317" Time="174108" Name="" export="">CopyFeatures \\sf4\sig\EuroStat\Seguridad\GISCO_2013_20150316.gdb\NUTS_2013\NUTS_LB_100K_2013 \\sf4\sig\EuroStat\EntregasBilbo_ArcGIS_v10\20150317\GISCO_2013_20150313.gdb\NUTS_2013\NUTS_LB_100K_2013 # 0 0 0</Process><Process ToolSource="c:\program files (x86)\arcgis\desktop10.1\ArcToolbox\Toolboxes\Conversion Tools.tbx\FeatureClassToFeatureClass" Date="20150513" Time="172522" Name="" export="">FeatureClassToFeatureClass C:\Users\danielleon\Desktop\Eurostat\GISCO_2013_20150410_1.gdb\NUTS_2013\NUTS_LB_100K_2013 C:\Users\danielleon\Desktop\Eurostat\GISCO_2013_20150410_1.gdb\NUTS NUTS_LB_100K # "NUTS_ID "NUTS_ID" true true false 5 Text 0 0 ,First,#,C:\Users\danielleon\Desktop\Eurostat\GISCO_2013_20150410_1.gdb\NUTS_2013\NUTS_LB_100K_2013,NUTS_ID,-1,-1;LAT "LAT" true true false 8 Double 0 0 ,First,#,C:\Users\danielleon\Desktop\Eurostat\GISCO_2013_20150410_1.gdb\NUTS_2013\NUTS_LB_100K_2013,LAT,-1,-1;LON "LON" true true false 8 Double 0 0 ,First,#,C:\Users\danielleon\Desktop\Eurostat\GISCO_2013_20150410_1.gdb\NUTS_2013\NUTS_LB_100K_2013,LON,-1,-1;STAT_LEVL_CODE "STAT_LEVL_CODE" true true false 2 Short 0 0 ,First,#,C:\Users\danielleon\Desktop\Eurostat\GISCO_2013_20150410_1.gdb\NUTS_2013\NUTS_LB_100K_2013,STAT_LEVL_CODE,-1,-1" #</Process><Process ToolSource="c:\program files (x86)\arcgis\desktop10.1\ArcToolbox\Toolboxes\Data Management Tools.tbx\CopyFeatures" Date="20150604" Time="145901" Name="" export="">CopyFeatures J:\develop\GISCO_db_management\Framework-Contract-2014\SC1\deliveries\20150601\GISCO_2013_20150601.gdb\NUTS_2013\NUTS_LB_100K_2013 \\s-tpol\connection-files\DEV\DEV-DIRECT-GISCO-11g.sde\GISCO.NUTS_2013\GISCO.NUTS_LB_100K_2013 # 0 0 0</Process><Process ToolSource="c:\program files (x86)\arcgis\desktop10.1\ArcToolbox\Toolboxes\Data Management Tools.tbx\CopyFeatures" Date="20150604" Time="154632">CopyFeatures \\s-tpol\connection-files\DEV\DEV-DIRECT-GISCO-11g.sde\GISCO.NUTS_2013\GISCO.NUTS_LB_2013 J:\develop\JIRA-2015\GISCO-653_Download_packages\NUTS_2013\NUTS_2013_SHP\data\NUTS_LB_2013.shp # 0 0 0</Process></lineage><itemProps><itemName Sync="TRUE">NUTS_LB_2013</itemName><imsContentType Sync="TRUE">002</imsContentType><itemLocation><linkage Sync="TRUE">file://\\s-tlar\development\develop\JIRA-2015\GISCO-653_Download_packages\NUTS_2013\NUTS_2013_SHP\data\NUTS_LB_2013.shp</linkage><protocol Sync="TRUE">Local Area Network</protocol></itemLocation><nativeExtBox><westBL Sync="TRUE">-61.675643</westBL><eastBL Sync="TRUE">55.526558</eastBL><southBL Sync="TRUE">-21.125655</southBL><northBL Sync="TRUE">69.545811</northBL><exTypeCode Sync="TRUE">1</exTypeCode></nativeExtBox><itemSize Sync="TRUE">0.000</itemSize></itemProps><coordRef><type Sync="TRUE">Geographic</type><geogcsn Sync="TRUE">GCS_ETRS_1989</geogcsn><csUnits Sync="TRUE">Angular Unit: Degree (0.017453)</csUnits><peXml Sync="TRUE">&lt;GeographicCoordinateSystem xsi:type='typens:GeographicCoordinateSystem' xmlns:xsi='http://www.w3.org/2001/XMLSchema-instance' xmlns:xs='http://www.w3.org/2001/XMLSchema' xmlns:typens='http://www.esri.com/schemas/ArcGIS/10.1'&gt;&lt;WKT&gt;GEOGCS[&amp;quot;GCS_ETRS_1989&amp;quot;,DATUM[&amp;quot;D_ETRS_1989&amp;quot;,SPHEROID[&amp;quot;GRS_1980&amp;quot;,6378137.0,298.257222101]],PRIMEM[&amp;quot;Greenwich&amp;quot;,0.0],UNIT[&amp;quot;Degree&amp;quot;,0.0174532925199433],AUTHORITY[&amp;quot;EPSG&amp;quot;,4258]]&lt;/WKT&gt;&lt;XOrigin&gt;-400&lt;/XOrigin&gt;&lt;YOrigin&gt;-400&lt;/YOrigin&gt;&lt;XYScale&gt;11258999068426.238&lt;/XYScale&gt;&lt;ZOrigin&gt;-100000&lt;/ZOrigin&gt;&lt;ZScale&gt;10000&lt;/ZScale&gt;&lt;MOrigin&gt;-100000&lt;/MOrigin&gt;&lt;MScale&gt;10000&lt;/MScale&gt;&lt;XYTolerance&gt;8.9831528411952133e-009&lt;/XYTolerance&gt;&lt;ZTolerance&gt;0.001&lt;/ZTolerance&gt;&lt;MTolerance&gt;0.001&lt;/MTolerance&gt;&lt;HighPrecision&gt;true&lt;/HighPrecision&gt;&lt;LeftLongitude&gt;-180&lt;/LeftLongitude&gt;&lt;WKID&gt;4258&lt;/WKID&gt;&lt;LatestWKID&gt;4258&lt;/LatestWKID&gt;&lt;/GeographicCoordinateSystem&gt;</peXml></coordRef></DataProperties><SyncDate>20150604</SyncDate><SyncTime>15463000</SyncTime><ModDate>20150604</ModDate><ModTime>15463000</ModTime><ArcGISFormat>1.0</ArcGISFormat><ArcGISstyle>GISCO Metadata Editor 2012</ArcGISstyle><ArcGISProfile>INSPIRE</ArcGISProfile></Esri><idinfo><citation><citeinfo><onlink Sync="TRUE">\\sf4\sig\EuroStat\Seguridad\GISCO_2013_201503116.gdb</onlink><origin>REQUIRED: The name of an organization or individual that developed the data set.</origin><pubdate>REQUIRED: The date when the data set is published or otherwise made available for release.</pubdate><title Sync="TRUE">NUTS_LB_100K_2013</title><ftname Sync="TRUE">NUTS_LB_100K_2013</ftname><geoform Sync="TRUE">vector digital data</geoform></citeinfo></citation><native Sync="TRUE">Microsoft Windows XP Version 5.1 (Build 2600) Service Pack 3; ESRI ArcCatalog 9.3.0.1770</native><descript><langdata Sync="TRUE">es</langdata><abstract>REQUIRED: A brief narrative summary of the data set.</abstract><purpose>REQUIRED: A summary of the intentions with which the data set was developed.</purpose></descript><timeperd><current>REQUIRED: The basis on which the time period of content information is determined.</current><timeinfo><sngdate><caldate>REQUIRED: The year (and optionally month, or month and day) for which the data set corresponds to the ground.</caldate></sngdate></timeinfo></timeperd><status><progress>REQUIRED: The state of the data set.</progress><update>REQUIRED: The frequency with which changes and additions are made to the data set after the initial data set is completed.</update></status><spdom><bounding><westbc Sync="TRUE">REQUIRED: Western-most coordinate of the limit of coverage expressed in longitude.</westbc><eastbc Sync="TRUE">REQUIRED: Eastern-most coordinate of the limit of coverage expressed in longitude.</eastbc><northbc Sync="TRUE">REQUIRED: Northern-most coordinate of the limit of coverage expressed in latitude.</northbc><southbc Sync="TRUE">REQUIRED: Southern-most coordinate of the limit of coverage expressed in latitude.</southbc></bounding></spdom><keywords><theme><themekt>REQUIRED: Reference to a formally registered thesaurus or a similar authoritative source of theme keywords.</themekt><themekey>REQUIRED: Common-use word or phrase used to describe the subject of the data set.</themekey></theme></keywords><accconst>REQUIRED: Restrictions and legal prerequisites for accessing the data set.</accconst><useconst>REQUIRED: Restrictions and legal prerequisites for using the data set after access is granted.</useconst><natvform Sync="TRUE">File Geodatabase Feature Class</natvform></idinfo><distInfo><distributor><distorTran><onLineSrc><linkage Sync="TRUE">file://\\sf4\sig\EuroStat\Seguridad\GISCO_2013_201503116.gdb</linkage><protocol Sync="TRUE">Local Area Network</protocol><orDesc Sync="TRUE">002</orDesc></onLineSrc></distorTran><distorFormat><formatName Sync="TRUE">File Geodatabase Feature Class</formatName></distorFormat></distributor><distFormat><formatName Sync="TRUE">Shapefile</formatName></distFormat><distTranOps><transSize Sync="TRUE">0.000</transSize></distTranOps></distInfo><dataqual><lineage><procstep><procdesc Sync="TRUE">Dataset copied.</procdesc><srcused Sync="TRUE"/><procdate Sync="TRUE">20150213</procdate><proctime Sync="TRUE">18195000</proctime></procstep><procstep><procdesc Sync="TRUE">Dataset copied.</procdesc><srcused Sync="TRUE">\\DANIELLEON\C\Documents and Settings\danielleon\Escritorio\Proyectos\EUROSTAT-GIS\Trabajo local\Nuts2013.gdb</srcused><procdate Sync="TRUE">20150213</procdate><proctime Sync="TRUE">22011000</proctime></procstep><procstep><procdesc Sync="TRUE">Dataset copied.</procdesc><srcused Sync="TRUE">\\Sf4\sig\EuroStat\daniel\GISCO_2013_20150216.gdb</srcused><procdate Sync="TRUE">20150218</procdate><proctime Sync="TRUE">10215000</proctime></procstep><procstep><procdesc Sync="TRUE">Dataset copied.</procdesc><srcused Sync="TRUE"/><procdate Sync="TRUE">20150219</procdate><proctime Sync="TRUE">11574700</proctime></procstep><procstep><procdesc Sync="TRUE">Dataset copied.</procdesc><srcused Sync="TRUE"/><procdate Sync="TRUE">20150219</procdate><proctime Sync="TRUE">18511600</proctime></procstep><procstep><procdesc Sync="TRUE">Dataset copied.</procdesc><srcused Sync="TRUE">\\sf4\sig\EuroStat\Seguridad\GISCO_2013_20150312.gdb</srcused><procdate Sync="TRUE">20150316</procdate><proctime Sync="TRUE">08465700</proctime></procstep><procstep><procdesc Sync="TRUE">Dataset copied.</procdesc><srcused Sync="TRUE">\\DANIELLEON-W7\C$\Users\danielleon\Desktop\Eurostat\NUTs\GISCO_2013_20150312.gdb.gdb</srcused><procdate Sync="TRUE">20150316</procdate><proctime Sync="TRUE">12562700</proctime></procstep></lineage></dataqual><dataIdInfo><envirDesc Sync="TRUE">Microsoft Windows 7 Version 6.1 (Build 7601) Service Pack 1; Esri ArcGIS 10.1.1.3143</envirDesc><dataLang><languageCode Sync="TRUE" value="eng"/><countryCode value="GBR" Sync="TRUE"/></dataLang><idCitation><resTitle Sync="TRUE">NUTS_LB_2013</resTitle><presForm><PresFormCd value="005" Sync="TRUE"/></presForm><date><pubDate>20150604</pubDate><createDate>20150604</createDate></date></idCitation><spatRpType><SpatRepTypCd value="001" Sync="TRUE"/></spatRpType><dataExt xmlns=""><geoEle><GeoBndBox esriExtentType="search"><exTypeCode Sync="TRUE">1</exTypeCode><westBL Sync="TRUE">-61.675643</westBL><eastBL Sync="TRUE">55.526558</eastBL><northBL Sync="TRUE">69.545811</northBL><southBL Sync="TRUE">-21.125655</southBL></GeoBndBox></geoEle></dataExt><idAbs>&lt;DIV STYLE="text-align:Left;"&gt;&lt;DIV&gt;&lt;P&gt;&lt;SPAN&gt;This data set represents the regions for level 1, 2 and 3 of the Nomenclature of Territorial Units for Statistics (NUTS) for 2013. The NUTS nomenclature is a hierarchical classification of statistical regions and subdivides the EU economic territory into regions of three different levels (NUTS 1, 2 and 3, respectively, moving from larger to smaller territorial units). NUTS 1 is the most aggregated level. The NUTS classification has been officially established through Regulation (EC) No 1059/2003 of the European Parliament and of the Council and amendments. A non official NUTS-like classification has been defined for the EFTA countries and candidate countries. An introduction to the NUTS classification is available here: http://ec.europa.eu/eurostat/web/nuts/overview &lt;/SPAN&gt;&lt;/P&gt;&lt;P&gt;&lt;SPAN&gt; This data set has been created mainly from the EuroBoundary Map v 8.0 and 8.2 (Eurogeographics), geographic information from TurkStat for Turkey, the Global Administrative Unit Layer from the Food and Agriculture Organization of the United Nations (FAO-UN) for Macedonia and a list of communes per statistical region provided by the countries. The public data set is available under the "Download link" indicated below. Available scales are 1M, 3M, 10M, 20M, 60M. The full data set is available via the "EC restricted download link" under "GISCO.NUTS_2013".  Here six scale ranges (100K, 1M, 3M, 10M and 20M, 60M) are available. Note as 04/06/2015 only 100K and 01M are available. Other scales currently in production.&lt;/SPAN&gt;&lt;/P&gt;&lt;P&gt;&lt;SPAN /&gt;&lt;/P&gt;&lt;P&gt;&lt;SPAN&gt;This point dataset is primarily used for cartographic purposes and can be joined to teh NUTS_AT name for the label name&lt;/SPAN&gt;&lt;/P&gt;&lt;P&gt;&lt;SPAN /&gt;&lt;/P&gt;&lt;P&gt;&lt;SPAN&gt;Coverage is the economical territory of the EU, EFTA countries and candidate countries as in 2013. Official NUTS geometry has yet to be approved for Serbia and Albania.&lt;/SPAN&gt;&lt;/P&gt;&lt;/DIV&gt;&lt;/DIV&gt;</idAbs><themeKeys xmlns=""><thesaName xmlns=""><resTitle>GEMET - INSPIRE themes, version 1.0</resTitle><date><pubDate>2008-01-06T00:00:00</pubDate></date></thesaName><keyword>Administrative units</keyword></themeKeys><themeKeys xmlns=""><thesaName xmlns=""><resTitle>GEMET - INSPIRE themes, version 1.0</resTitle><date><pubDate>2008-01-06T00:00:00</pubDate></date></thesaName><keyword>Statistical units</keyword></themeKeys><dataChar><CharSetCd value="004"></CharSetCd></dataChar><dataScale xmlns=""><equScale><rfDenom>100000</rfDenom></equScale><scaleDist><value uom="m"></value></scaleDist></dataScale><resConst><LegConsts><accessConsts><RestrictCd value="008"/></accessConsts><othConsts>(e) intellectual property rights</othConsts></LegConsts></resConst><idPoC xmlns=""><rpOrgName>European Commission, Eurostat (ESTAT), GISCO</rpOrgName><rpCntInfo><cntAddress addressType=""><eMailAdd>estat-gisco@ec.europa.eu</eMailAdd></cntAddress></rpCntInfo></idPoC><tpCat><TopicCatCd value="003"/></tpCat></dataIdInfo><metainfo><langmeta Sync="TRUE">es</langmeta><metstdn Sync="TRUE">FGDC Content Standards for Digital Geospatial Metadata</metstdn><metstdv Sync="TRUE">FGDC-STD-001-1998</metstdv><mettc Sync="TRUE">local time</mettc><metc><cntinfo><cntorgp><cntper>REQUIRED: The person responsible for the metadata information.</cntper><cntorg>REQUIRED: The organization responsible for the metadata information.</cntorg></cntorgp><cntaddr><addrtype>REQUIRED: The mailing and/or physical address for the organization or individual.</addrtype><city>REQUIRED: The city of the address.</city><state>REQUIRED: The state or province of the address.</state><postal>REQUIRED: The ZIP or other postal code of the address.</postal></cntaddr><cntvoice>REQUIRED: The telephone number by which individuals can speak to the organization or individual.</cntvoice></cntinfo></metc><metd Sync="TRUE">20150213</metd></metainfo><mdLang><languageCode Sync="TRUE" value="eng"/><countryCode value="GBR" Sync="TRUE"/></mdLang><mdStanName Sync="TRUE">ISO 19115 Geographic Information - Metadata</mdStanName><mdStanVer Sync="TRUE">DIS_ESRI1.0</mdStanVer><mdChar><CharSetCd Sync="TRUE" value="004"/></mdChar><mdHrLv><ScopeCd Sync="TRUE" value="005"/></mdHrLv><mdHrLvName Sync="TRUE">dataset</mdHrLvName><distinfo><resdesc Sync="TRUE">Downloadable Data</resdesc></distinfo><spdoinfo><direct Sync="TRUE">Vector</direct><ptvctinf><esriterm Name="NUTS_LB_2013"><efeatyp Sync="TRUE">Simple</efeatyp><efeageom code="1" Sync="TRUE"></efeageom><esritopo Sync="TRUE">FALSE</esritopo><efeacnt Sync="TRUE">0</efeacnt><spindex Sync="TRUE">FALSE</spindex><linrefer Sync="TRUE">FALSE</linrefer></esriterm></ptvctinf></spdoinfo><spref><horizsys><cordsysn><geogcsn Sync="TRUE">GCS_ETRS_1989</geogcsn></cordsysn><geograph><geogunit Sync="TRUE">Decimal degrees</geogunit><latres Sync="TRUE">0.000000</latres><longres Sync="TRUE">0.000000</longres></geograph><geodetic><horizdn Sync="TRUE">D_ETRS_1989</horizdn><ellips Sync="TRUE">Geodetic Reference System 80</ellips><semiaxis Sync="TRUE">6378137.000000</semiaxis><denflat Sync="TRUE">298.257222</denflat></geodetic></horizsys></spref><refSysInfo><RefSystem><refSysID><identCode Sync="TRUE" code="4258" value="4258">GCS_ETRS_1989</identCode><idCodeSpace Sync="TRUE">EPSG</idCodeSpace><idVersion Sync="TRUE">7.11.2</idVersion></refSysID></RefSystem></refSysInfo><spatRepInfo><VectSpatRep><geometObjs Name="NUTS_LB_2013"><geoObjTyp><GeoObjTypCd value="004" Sync="TRUE"></GeoObjTypCd></geoObjTyp><geoObjCnt Sync="TRUE">0</geoObjCnt></geometObjs><topLvl><TopoLevCd value="001" Sync="TRUE"></TopoLevCd></topLvl></VectSpatRep></spatRepInfo><eainfo><detailed Name="NUTS_LB_2013"><enttyp><enttypl Sync="TRUE">NUTS_LB_2013</enttypl><enttypt Sync="TRUE">Feature Class</enttypt><enttypc Sync="TRUE">0</enttypc></enttyp><attr><attrlabl Sync="TRUE">FID</attrlabl><attalias Sync="TRUE">FID</attalias><attrtype Sync="TRUE">OID</attrtype><attwidth Sync="TRUE">4</attwidth><atprecis Sync="TRUE">0</atprecis><attscale Sync="TRUE">0</attscale><attrdef Sync="TRUE">Internal feature number.</attrdef><attrdefs Sync="TRUE">Esri</attrdefs><attrdomv><udom Sync="TRUE">Sequential unique whole numbers that are automatically generated.</udom></attrdomv></attr><attr><attrlabl Sync="TRUE">Shape</attrlabl><attalias Sync="TRUE">Shape</attalias><attrtype Sync="TRUE">Geometry</attrtype><attwidth Sync="TRUE">0</attwidth><atprecis Sync="TRUE">0</atprecis><attscale Sync="TRUE">0</attscale><attrdef Sync="TRUE">Feature geometry.</attrdef><attrdefs Sync="TRUE">ESRI</attrdefs><attrdomv><udom Sync="TRUE">Coordinates defining the features.</udom></attrdomv></attr><attr><attrlabl Sync="TRUE">NUTS_ID</attrlabl><attalias Sync="TRUE">NUTS_ID</attalias><attrtype Sync="TRUE">String</attrtype><attwidth Sync="TRUE">5</attwidth><atprecis Sync="TRUE">0</atprecis><attscale Sync="TRUE">0</attscale></attr><attr><attrlabl Sync="TRUE">LAT</attrlabl><attalias Sync="TRUE">LAT</attalias><attrtype Sync="TRUE">Double</attrtype><attwidth Sync="TRUE">19</attwidth><atprecis Sync="TRUE">18</atprecis><attscale Sync="TRUE">8</attscale></attr><attr><attrlabl Sync="TRUE">LON</attrlabl><attalias Sync="TRUE">LON</attalias><attrtype Sync="TRUE">Double</attrtype><attwidth Sync="TRUE">19</attwidth><atprecis Sync="TRUE">18</atprecis><attscale Sync="TRUE">8</attscale></attr><attr><attrlabl Sync="TRUE">STAT_LEVL_</attrlabl><attalias Sync="TRUE">STAT_LEVL_</attalias><attrtype Sync="TRUE">Integer</attrtype><attwidth Sync="TRUE">5</attwidth><atprecis Sync="TRUE">5</atprecis><attscale Sync="TRUE">0</attscale></attr></detailed></eainfo><mdDateSt Sync="TRUE">20150604</mdDateSt><mdContact xmlns=""><rpOrgName>European Commission, Eurostat (ESTAT), GISCO</rpOrgName><rpCntInfo><cntAddress addressType=""><eMailAdd>estat-gisco@ec.europa.eu</eMailAdd></cntAddress></rpCntInfo></mdContact><mdFileID>8939566f-ac9a-4532-9359-650bd22507ac</mdFileID><dqInfo xmlns=""><dataLineage><statement>This dataset is based on: EuroBoundaryMap (EBM) v6.0 and 6.2. from EuroGeographics (scale of 1:100.000), Global Administrative Unit Layer (GAUL) 2013 country data from UN/FAO, data from the National Statistical Institute of Turkey (TurkStat), General Register Office for Scotland (GRO) (scale 1:100.000). The different scale levels were derived by generalisation of the 100K scale using ArcGIS toolbox Simplify Line command. This data set consists of 2 feature classes (region polygons and boundaries) per scale level (100k, 1M, 3M, 10M, 20M, 60M). In addition there is also a label feature class (scale independent). This label point feature class was created with a label inside each NUTS region at the 3 NUTS levels (1 - 3) and countries. Furthermore two line feature classes were created: one feature class for cartographic joiners to identify where NUTS areas have one or more enclaves and a second line feature class for cartographic separators, to identify where the NUTS limits are in the sea. The arcs of two latter feature classes are only useful for cartographic purposes and are not meant to identify actual administrative or statistical boundaries stretching into the sea or any other significance. The boundaries and regions are related to each other through a relationship table. Associated tables contain basic information such as the region's name. The 5 small scale feature classes should be used exclusively for cartographic purposes. This data set is consistent at all scales to a cluster tolerance of 0.000001 decimal degrees with the following data sets: "Communes 2013,  European Commission, Eurostat/GISCO", "Countries 2013, European Commission - Eurostat/GISCO", "Coastlines 2013, European Commission - Eurostat/GISCO", "Exclusive Economic Zones 2013, European Commission - Eurostat/GISCO" . Different tests were performed to ensure conceptual- , domain- and topological- consistency. A detailed description of these tests can be found in the GISCO data wiki.

There a minor differences in total areas between NUTS levels of less than 10 square metres, this is believed to be due to rounding when data is dissolved and is within the tolerance specified and satisfies all topology rules. Exceptions exists in the data. The island of St Martin (NUTS3:FRA10) is not included at NUTS level 1 (NUTS1:FRA) due to a change in status of the island - For EU legislation it is an outermost region (TFEU 355(1), 349), and still part of France, and even Guadeloupe (FR91, FR910). So, data for France and Guadeloupe should include St.-Martin.

Errors have been noted in some flags in the NUTS_BN data due to a line having multiple statuses e.g. Part of the line is Candidate country but part is not. These are being corrected currently.

NUTS_LB - location of points may change as further scales are produced to find a point location that is appropriate for the data at all scales.</statement></dataLineage></dqInfo></metadata>
