<metadata xml:lang="es"><Esri><CreaDate>20150413</CreaDate><CreaTime>15235000</CreaTime><ArcGISFormat>1.0</ArcGISFormat><ArcGISstyle>GISCO Metadata Editor 2012</ArcGISstyle><SyncOnce>FALSE</SyncOnce><DataProperties><itemProps><itemName Sync="TRUE">NUTS_RG_01M_2013</itemName><imsContentType Sync="TRUE">002</imsContentType><itemLocation><linkage Sync="TRUE">file://\\s-tlar\development\develop\JIRA-2015\GISCO-653_Download_packages\NUTS_2013\NUTS_2013_SHP\data\NUTS_RG_01M_2013.shp</linkage><protocol Sync="TRUE">Local Area Network</protocol></itemLocation><nativeExtBox><westBL Sync="TRUE">-63.153455</westBL><eastBL Sync="TRUE">55.836629</eastBL><southBL Sync="TRUE">-21.387310</southBL><northBL Sync="TRUE">71.185318</northBL><exTypeCode Sync="TRUE">1</exTypeCode></nativeExtBox><itemSize Sync="TRUE">0.000</itemSize></itemProps><coordRef><type Sync="TRUE">Geographic</type><geogcsn Sync="TRUE">GCS_ETRS_1989</geogcsn><csUnits Sync="TRUE">Angular Unit: Degree (0.017453)</csUnits><peXml Sync="TRUE">&lt;GeographicCoordinateSystem xsi:type='typens:GeographicCoordinateSystem' xmlns:xsi='http://www.w3.org/2001/XMLSchema-instance' xmlns:xs='http://www.w3.org/2001/XMLSchema' xmlns:typens='http://www.esri.com/schemas/ArcGIS/10.1'&gt;&lt;WKT&gt;GEOGCS[&amp;quot;GCS_ETRS_1989&amp;quot;,DATUM[&amp;quot;D_ETRS_1989&amp;quot;,SPHEROID[&amp;quot;GRS_1980&amp;quot;,6378137.0,298.257222101]],PRIMEM[&amp;quot;Greenwich&amp;quot;,0.0],UNIT[&amp;quot;Degree&amp;quot;,0.0174532925199433],AUTHORITY[&amp;quot;EPSG&amp;quot;,4258]]&lt;/WKT&gt;&lt;XOrigin&gt;-400&lt;/XOrigin&gt;&lt;YOrigin&gt;-400&lt;/YOrigin&gt;&lt;XYScale&gt;11258999068426.238&lt;/XYScale&gt;&lt;ZOrigin&gt;-100000&lt;/ZOrigin&gt;&lt;ZScale&gt;10000&lt;/ZScale&gt;&lt;MOrigin&gt;-100000&lt;/MOrigin&gt;&lt;MScale&gt;10000&lt;/MScale&gt;&lt;XYTolerance&gt;8.9831528411952133e-009&lt;/XYTolerance&gt;&lt;ZTolerance&gt;0.001&lt;/ZTolerance&gt;&lt;MTolerance&gt;0.001&lt;/MTolerance&gt;&lt;HighPrecision&gt;true&lt;/HighPrecision&gt;&lt;LeftLongitude&gt;-180&lt;/LeftLongitude&gt;&lt;WKID&gt;4258&lt;/WKID&gt;&lt;LatestWKID&gt;4258&lt;/LatestWKID&gt;&lt;/GeographicCoordinateSystem&gt;</peXml></coordRef><lineage><Process ToolSource="c:\program files (x86)\arcgis\desktop10.1\ArcToolbox\Toolboxes\Data Management Tools.tbx\Dissolve" Date="20150410" Time="111620" Name="" export="">Dissolve NUTS_RG_Draft_2 C:\Proyectos\SC#1\COMM_PLUS_EQUAL_FLAGS.gdb\NUTS_RG_Draft_2_N0 CNTR_code # MULTI_PART DISSOLVE_LINES</Process><Process ToolSource="c:\program files (x86)\arcgis\desktop10.1\ArcToolbox\Toolboxes\Data Management Tools.tbx\CalculateField" Date="20150410" Time="123137" Name="" export="">CalculateField NUTS_RG_Draft_2_N0 NUTS_ID [CNTR_code] VB #</Process><Process ToolSource="c:\program files (x86)\arcgis\desktop10.1\ArcToolbox\Toolboxes\Data Management Tools.tbx\CalculateField" Date="20150410" Time="123148" Name="" export="">CalculateField NUTS_RG_Draft_2_N0 STAT_LEVL_CODE 0 VB #</Process><Process ToolSource="c:\program files (x86)\arcgis\desktop10.1\ArcToolbox\Toolboxes\Data Management Tools.tbx\Append" Date="20150410" Time="123902" Name="" export="">Append NUTS_RG_Draft_2_N1;NUTS_RG_Draft_2_N2;NUTS_RG_Draft_2_N3 NUTS_RG_01_2013 NO_TEST "CNTR_code "CNTR_code" true true false 2 Text 0 0 ,First,#;NUTS_ID "NUTS_ID" true true false 14 Text 0 0 ,First,#,C:\Proyectos\SC#1\COMM_PLUS_EQUAL_FLAGS.gdb\NUTS_RG_Draft_2_N1,NUTS_ID,-1,-1,C:\Proyectos\SC#1\COMM_PLUS_EQUAL_FLAGS.gdb\NUTS_RG_Draft_2_N2,NUTS_ID,-1,-1,C:\Proyectos\SC#1\COMM_PLUS_EQUAL_FLAGS.gdb\NUTS_RG_Draft_2_N3,NUTS_ID,-1,-1;STAT_LEVL_CODE "STAT_LEVL_CODE" true true false 2 Short 0 0 ,First,#,C:\Proyectos\SC#1\COMM_PLUS_EQUAL_FLAGS.gdb\NUTS_RG_Draft_2_N1,STAT_LEVL_CODE,-1,-1,C:\Proyectos\SC#1\COMM_PLUS_EQUAL_FLAGS.gdb\NUTS_RG_Draft_2_N3,STAT_LEVL_CODE,-1,-1;Shape_Length "Shape_Length" false true true 8 Double 0 0 ,First,#,C:\Proyectos\SC#1\COMM_PLUS_EQUAL_FLAGS.gdb\NUTS_RG_Draft_2_N1,Shape_Length,-1,-1,C:\Proyectos\SC#1\COMM_PLUS_EQUAL_FLAGS.gdb\NUTS_RG_Draft_2_N2,Shape_Length,-1,-1,C:\Proyectos\SC#1\COMM_PLUS_EQUAL_FLAGS.gdb\NUTS_RG_Draft_2_N3,Shape_Length,-1,-1;Shape_Area "Shape_Area" false true true 8 Double 0 0 ,First,#,C:\Proyectos\SC#1\COMM_PLUS_EQUAL_FLAGS.gdb\NUTS_RG_Draft_2_N1,Shape_Area,-1,-1,C:\Proyectos\SC#1\COMM_PLUS_EQUAL_FLAGS.gdb\NUTS_RG_Draft_2_N2,Shape_Area,-1,-1,C:\Proyectos\SC#1\COMM_PLUS_EQUAL_FLAGS.gdb\NUTS_RG_Draft_2_N3,Shape_Area,-1,-1" #</Process><Process ToolSource="c:\program files (x86)\arcgis\desktop10.1\ArcToolbox\Toolboxes\Data Management Tools.tbx\CalculateField" Date="20150410" Time="124057" Name="" export="">CalculateField NUTS_RG_01_2013 STAT_LEVL_CODE 2 VB #</Process><Process ToolSource="c:\program files (x86)\arcgis\desktop10.1\ArcToolbox\Toolboxes\Data Management Tools.tbx\Dissolve" Date="20150417" Time="143333" Name="" export="">Dissolve \\sf4\sig\EuroStat\EntregasBilbo_ArcGIS_v10\20150416\GISCO_2013_20150416.gdb\NUTS_2013\NUTS_RG_01M_2013 C:\Users\danielleon\Desktop\Eurostat\GISCO_2013_20150410_1.gdb\NUTS_2013\NUTS_RG_01M_2013_diss NUTS_ID;STAT_LEVL_CODE # MULTI_PART DISSOLVE_LINES</Process><Process ToolSource="c:\program files (x86)\arcgis\desktop10.1\ArcToolbox\Toolboxes\Conversion Tools.tbx\FeatureClassToFeatureClass" Date="20150513" Time="113004" Name="" export="">FeatureClassToFeatureClass C:\Users\danielleon\Desktop\Eurostat\GISCO_2013_20150410_1.gdb\NUTS_2013\NUTS_RG_01M_2013 C:\Users\danielleon\Desktop\Eurostat\GISCO_2013_20150410_1.gdb\Pruebas NUTS_RG_01M_ # "NUTS_ID "NUTS_ID" true true false 14 Text 0 0 ,First,#,C:\Users\danielleon\Desktop\Eurostat\GISCO_2013_20150410_1.gdb\NUTS_2013\NUTS_RG_01M_2013,NUTS_ID,-1,-1;STAT_LEVL_CODE "STAT_LEVL_CODE" true true false 2 Short 0 0 ,First,#,C:\Users\danielleon\Desktop\Eurostat\GISCO_2013_20150410_1.gdb\NUTS_2013\NUTS_RG_01M_2013,STAT_LEVL_CODE,-1,-1;Shape_Length "Shape_Length" false true true 8 Double 0 0 ,First,#,C:\Users\danielleon\Desktop\Eurostat\GISCO_2013_20150410_1.gdb\NUTS_2013\NUTS_RG_01M_2013,Shape_Length,-1,-1;Shape_Area "Shape_Area" false true true 8 Double 0 0 ,First,#,C:\Users\danielleon\Desktop\Eurostat\GISCO_2013_20150410_1.gdb\NUTS_2013\NUTS_RG_01M_2013,Shape_Area,-1,-1" #</Process><Process ToolSource="c:\program files (x86)\arcgis\desktop10.1\ArcToolbox\Toolboxes\Conversion Tools.tbx\FeatureClassToFeatureClass" Date="20150513" Time="165251" Name="" export="">FeatureClassToFeatureClass C:\Users\danielleon\Desktop\Eurostat\GISCO_2013_20150410_1.gdb\Pruebas\NUTS_RG_01M_ C:\Users\danielleon\Desktop\Eurostat\GISCO_2013_20150410_1.gdb\NUTS NUTS_RG_01M # "NUTS_ID "NUTS_ID" true true false 14 Text 0 0 ,First,#,C:\Users\danielleon\Desktop\Eurostat\GISCO_2013_20150410_1.gdb\Pruebas\NUTS_RG_01M_,NUTS_ID,-1,-1;STAT_LEVL_CODE "STAT_LEVL_CODE" true true false 2 Short 0 0 ,First,#,C:\Users\danielleon\Desktop\Eurostat\GISCO_2013_20150410_1.gdb\Pruebas\NUTS_RG_01M_,STAT_LEVL_CODE,-1,-1;Shape_Length "Shape_Length" false true true 8 Double 0 0 ,First,#,C:\Users\danielleon\Desktop\Eurostat\GISCO_2013_20150410_1.gdb\Pruebas\NUTS_RG_01M_,Shape_Length,-1,-1;Shape_Area "Shape_Area" false true true 8 Double 0 0 ,First,#,C:\Users\danielleon\Desktop\Eurostat\GISCO_2013_20150410_1.gdb\Pruebas\NUTS_RG_01M_,Shape_Area,-1,-1" #</Process><Process ToolSource="c:\program files (x86)\arcgis\desktop10.1\ArcToolbox\Toolboxes\Data Management Tools.tbx\CopyFeatures" Date="20150604" Time="145943" Name="" export="">CopyFeatures J:\develop\GISCO_db_management\Framework-Contract-2014\SC1\deliveries\20150601\GISCO_2013_20150601.gdb\NUTS_2013\NUTS_RG_01M_2013 \\s-tpol\connection-files\DEV\DEV-DIRECT-GISCO-11g.sde\GISCO.NUTS_2013\GISCO.NUTS_RG_01M_2013 # 0 0 0</Process><Process ToolSource="c:\program files (x86)\arcgis\desktop10.1\ArcToolbox\Toolboxes\Data Management Tools.tbx\CopyFeatures" Date="20150604" Time="154623">CopyFeatures \\s-tpol\connection-files\DEV\DEV-DIRECT-GISCO-11g.sde\GISCO.NUTS_2013\GISCO.NUTS_RG_01M_2013 J:\develop\JIRA-2015\GISCO-653_Download_packages\NUTS_2013\NUTS_2013_SHP\data\NUTS_RG_01M_2013.shp # 0 0 0</Process></lineage></DataProperties><SyncDate>20150604</SyncDate><SyncTime>15461100</SyncTime><ModDate>20150604</ModDate><ModTime>15461100</ModTime><ArcGISProfile>INSPIRE</ArcGISProfile></Esri><dataIdInfo><envirDesc Sync="TRUE">Microsoft Windows 7 Version 6.1 (Build 7601) Service Pack 1; Esri ArcGIS 10.1.1.3143</envirDesc><dataLang><languageCode value="eng" Sync="TRUE"/><countryCode value="GBR" Sync="TRUE"/></dataLang><idCitation><resTitle Sync="TRUE">NUTS_RG_01M_2013</resTitle><presForm><PresFormCd value="005" Sync="TRUE"/></presForm><date><pubDate>20150604</pubDate><createDate>20150604</createDate></date></idCitation><spatRpType><SpatRepTypCd value="001" Sync="TRUE"/></spatRpType><dataExt xmlns=""><geoEle><GeoBndBox esriExtentType="search"><exTypeCode Sync="TRUE">1</exTypeCode><westBL Sync="TRUE">-63.153455</westBL><eastBL Sync="TRUE">55.836629</eastBL><northBL Sync="TRUE">71.185318</northBL><southBL Sync="TRUE">-21.387310</southBL></GeoBndBox></geoEle></dataExt><idAbs>&lt;DIV STYLE="text-align:Left;"&gt;&lt;DIV&gt;&lt;P&gt;&lt;SPAN&gt;This data set represents the regions for level 1, 2 and 3 of the Nomenclature of Territorial Units for Statistics (NUTS) for 2013. The NUTS nomenclature is a hierarchical classification of statistical regions and subdivides the EU economic territory into regions of three different levels (NUTS 1, 2 and 3, respectively, moving from larger to smaller territorial units). NUTS 1 is the most aggregated level. The NUTS classification has been officially established through Regulation (EC) No 1059/2003 of the European Parliament and of the Council and amendments. A non official NUTS-like classification has been defined for the EFTA countries and candidate countries. An introduction to the NUTS classification is available here: http://ec.europa.eu/eurostat/web/nuts/overview &lt;/SPAN&gt;&lt;/P&gt;&lt;P&gt;&lt;SPAN&gt; This data set has been created mainly from the EuroBoundary Map v 8.0 and 8.2 (Eurogeographics), geographic information from TurkStat for Turkey, the Global Administrative Unit Layer from the Food and Agriculture Organization of the United Nations (FAO-UN) for Macedonia and a list of communes per statistical region provided by the countries. The public data set is available under the "Download link" indicated below. Available scales are 1M, 3M, 10M, 20M, 60M. The full data set is available via the "EC restricted download link" under "GISCO.NUTS_2013".  Here six scale ranges (100K, 1M, 3M, 10M and 20M, 60M) are available. Note as 04/06/2015 only 100K and 01M are available. Other scales currently in production.&lt;/SPAN&gt;&lt;/P&gt;&lt;P&gt;&lt;SPAN&gt;This dataset contains the poygons data, and can be joined to NUTS_RG_BN_01M by NUTS_ID field&lt;/SPAN&gt;&lt;/P&gt;&lt;P&gt;&lt;SPAN&gt;Coverage is the economical territory of the EU, EFTA countries and candidate countries as in 2013. Official NUTS geometry has yet to be approved for Serbia and Albania.&lt;/SPAN&gt;&lt;/P&gt;&lt;/DIV&gt;&lt;/DIV&gt;</idAbs><themeKeys xmlns=""><thesaName xmlns=""><resTitle>GEMET - INSPIRE themes, version 1.0</resTitle><date><pubDate>2008-01-06T00:00:00</pubDate></date></thesaName><keyword>Administrative units</keyword></themeKeys><dataChar><CharSetCd value="004"/></dataChar><dataScale xmlns=""><equScale><rfDenom>1000000</rfDenom></equScale><scaleDist><value uom="m"/></scaleDist></dataScale><resConst><LegConsts><accessConsts><RestrictCd value="008"/></accessConsts><othConsts>(e) intellectual property rights</othConsts></LegConsts></resConst><idPoC xmlns=""><rpOrgName>European Commission, Eurostat (ESTAT), GISCO</rpOrgName><rpCntInfo><cntAddress addressType=""><eMailAdd>estat-gisco@ec.europa.eu</eMailAdd></cntAddress></rpCntInfo></idPoC><themeKeys xmlns=""><thesaName xmlns=""><resTitle>GEMET - INSPIRE themes, version 1.0</resTitle><date><pubDate>2008-01-06T00:00:00</pubDate></date></thesaName><keyword>Statistical units</keyword></themeKeys><tpCat><TopicCatCd value="003"/></tpCat></dataIdInfo><mdLang><languageCode value="eng" Sync="TRUE"/><countryCode value="GBR" Sync="TRUE"/></mdLang><distInfo><distFormat><formatName Sync="TRUE">Shapefile</formatName></distFormat><distTranOps><transSize Sync="TRUE">0.000</transSize></distTranOps></distInfo><mdHrLv><ScopeCd value="005" Sync="TRUE"/></mdHrLv><mdHrLvName Sync="TRUE">dataset</mdHrLvName><refSysInfo><RefSystem><refSysID><identCode code="4258" Sync="TRUE" value="4258"/><idCodeSpace Sync="TRUE">EPSG</idCodeSpace><idVersion Sync="TRUE">7.11.2</idVersion></refSysID></RefSystem></refSysInfo><spatRepInfo><VectSpatRep><geometObjs Name="NUTS_RG_01M_2013"><geoObjTyp><GeoObjTypCd value="002" Sync="TRUE"></GeoObjTypCd></geoObjTyp><geoObjCnt Sync="TRUE">0</geoObjCnt></geometObjs><topLvl><TopoLevCd value="001" Sync="TRUE"></TopoLevCd></topLvl></VectSpatRep></spatRepInfo><spdoinfo><ptvctinf><esriterm Name="NUTS_RG_01M_2013"><efeatyp Sync="TRUE">Simple</efeatyp><efeageom code="4" Sync="TRUE"></efeageom><esritopo Sync="TRUE">FALSE</esritopo><efeacnt Sync="TRUE">0</efeacnt><spindex Sync="TRUE">FALSE</spindex><linrefer Sync="TRUE">FALSE</linrefer></esriterm></ptvctinf></spdoinfo><eainfo><detailed Name="NUTS_RG_01M_2013"><enttyp><enttypl Sync="TRUE">NUTS_RG_01M_2013</enttypl><enttypt Sync="TRUE">Feature Class</enttypt><enttypc Sync="TRUE">0</enttypc></enttyp><attr><attrlabl Sync="TRUE">Shape</attrlabl><attalias Sync="TRUE">Shape</attalias><attrtype Sync="TRUE">Geometry</attrtype><attwidth Sync="TRUE">0</attwidth><atprecis Sync="TRUE">0</atprecis><attscale Sync="TRUE">0</attscale><attrdef Sync="TRUE">Feature geometry.</attrdef><attrdefs Sync="TRUE">Esri</attrdefs><attrdomv><udom Sync="TRUE">Coordinates defining the features.</udom></attrdomv></attr><attr><attrlabl Sync="TRUE">NUTS_ID</attrlabl><attalias Sync="TRUE">NUTS_ID</attalias><attrtype Sync="TRUE">String</attrtype><attwidth Sync="TRUE">14</attwidth><atprecis Sync="TRUE">0</atprecis><attscale Sync="TRUE">0</attscale></attr><subtype><stname Sync="TRUE">country</stname><stcode Sync="TRUE">0</stcode></subtype><subtype><stname Sync="TRUE">nuts1</stname><stcode Sync="TRUE">1</stcode></subtype><attr><attrlabl Sync="TRUE">FID</attrlabl><attalias Sync="TRUE">FID</attalias><attrtype Sync="TRUE">OID</attrtype><attwidth Sync="TRUE">4</attwidth><atprecis Sync="TRUE">0</atprecis><attscale Sync="TRUE">0</attscale><attrdef Sync="TRUE">Internal feature number.</attrdef><attrdefs Sync="TRUE">Esri</attrdefs><attrdomv><udom Sync="TRUE">Sequential unique whole numbers that are automatically generated.</udom></attrdomv></attr><subtype><stname Sync="TRUE">nuts2</stname><stcode Sync="TRUE">2</stcode></subtype><subtype><stname Sync="TRUE">nuts3</stname><stcode Sync="TRUE">3</stcode></subtype><attr><attrlabl Sync="TRUE">STAT_LEVL_</attrlabl><attalias Sync="TRUE">STAT_LEVL_</attalias><attrtype Sync="TRUE">Integer</attrtype><attwidth Sync="TRUE">5</attwidth><atprecis Sync="TRUE">5</atprecis><attscale Sync="TRUE">0</attscale></attr><attr><attrlabl Sync="TRUE">SHAPE_AREA</attrlabl><attalias Sync="TRUE">SHAPE_AREA</attalias><attrtype Sync="TRUE">Double</attrtype><attwidth Sync="TRUE">19</attwidth><atprecis Sync="TRUE">0</atprecis><attscale Sync="TRUE">0</attscale><attrdef Sync="TRUE">Area of feature in internal units squared.</attrdef><attrdefs Sync="TRUE">Esri</attrdefs><attrdomv><udom Sync="TRUE">Positive real numbers that are automatically generated.</udom></attrdomv></attr><attr><attrlabl Sync="TRUE">SHAPE_LEN</attrlabl><attalias Sync="TRUE">SHAPE_LEN</attalias><attrtype Sync="TRUE">Double</attrtype><attwidth Sync="TRUE">19</attwidth><atprecis Sync="TRUE">0</atprecis><attscale Sync="TRUE">0</attscale></attr></detailed></eainfo><mdDateSt Sync="TRUE">20150604</mdDateSt><mdContact xmlns=""><rpOrgName>European Commission, Eurostat (ESTAT), GISCO</rpOrgName><rpCntInfo><cntAddress addressType=""><eMailAdd>estat-gisco@ec.europa.eu</eMailAdd></cntAddress></rpCntInfo></mdContact><mdFileID>e001e55d-13c0-433f-8942-9573788e544b</mdFileID><dqInfo xmlns=""><dataLineage><statement>This dataset is based on: EuroBoundaryMap (EBM) v6.0 and 6.2. from EuroGeographics (scale of 1:100.000), Global Administrative Unit Layer (GAUL) 2013 country data from UN/FAO, data from the National Statistical Institute of Turkey (TurkStat), General Register Office for Scotland (GRO) (scale 1:100.000). The different scale levels were derived by generalisation of the 100K scale using ArcGIS toolbox Simplify Line command. This data set consists of 2 feature classes (region polygons and boundaries) per scale level (100k, 1M, 3M, 10M, 20M, 60M). In addition there is also a label feature class (scale independent). This label point feature class was created with a label inside each NUTS region at the 3 NUTS levels (1 - 3) and countries. Furthermore two line feature classes were created: one feature class for cartographic joiners to identify where NUTS areas have one or more enclaves and a second line feature class for cartographic separators, to identify where the NUTS limits are in the sea. The arcs of two latter feature classes are only useful for cartographic purposes and are not meant to identify actual administrative or statistical boundaries stretching into the sea or any other significance. The boundaries and regions are related to each other through a relationship table. Associated tables contain basic information such as the region's name. The 5 small scale feature classes should be used exclusively for cartographic purposes. This data set is consistent at all scales to a cluster tolerance of 0.000001 decimal degrees with the following data sets: "Communes 2013,  European Commission, Eurostat/GISCO", "Countries 2013, European Commission - Eurostat/GISCO", "Coastlines 2013, European Commission - Eurostat/GISCO", "Exclusive Economic Zones 2013, European Commission - Eurostat/GISCO" . Different tests were performed to ensure conceptual- , domain- and topological- consistency. A detailed description of these tests can be found in the GISCO data wiki.

There a minor differences in total areas between NUTS levels of less than 10 square metres, this is believed to be due to rounding when data is dissolved and is within the tolerance specified and satisfies all topology rules. Exceptions exists in the data. The island of St Martin (NUTS3:FRA10) is not included at NUTS level 1 (NUTS1:FRA) due to a change in status of the island - For EU legislation it is an outermost region (TFEU 355(1), 349), and still part of France, and even Guadeloupe (FR91, FR910). So, data for France and Guadeloupe should include St.-Martin.</statement></dataLineage></dqInfo></metadata>
