<?xml version="1.0" encoding="UTF-8"?>
<metadata xml:lang="en"><Esri><CreaDate>20150604</CreaDate><CreaTime>16415000</CreaTime><ArcGISFormat>1.0</ArcGISFormat><ArcGISstyle>GISCO Metadata Editor 2012</ArcGISstyle><SyncOnce>FALSE</SyncOnce><DataProperties><itemProps><itemName Sync="TRUE">GISCO.NUTS_AT_2013</itemName><imsContentType Sync="TRUE">002</imsContentType><itemLocation><linkage Sync="TRUE">file://Service=sde:oracle11g:/;LOCAL=ARCESTD; User=gisco; Version=SDE.DEFAULT</linkage><protocol Sync="TRUE">Local Area Network</protocol></itemLocation></itemProps><lineage><Process ToolSource="c:\program files (x86)\arcgis\desktop10.1\ArcToolbox\Toolboxes\Data Management Tools.tbx\CalculateField" Date="20150604" Time="155641">CalculateField GISCO.NUTS_AT_2013 NAME_HTML1 [NAME_HTML] VB #</Process><Process ToolSource="c:\program files (x86)\arcgis\desktop10.1\ArcToolbox\Toolboxes\Data Management Tools.tbx\CalculateField" Date="20150604" Time="155728">CalculateField GISCO.NUTS_AT_2013 NAME_HTML [NAME_HTML1] VB #</Process></lineage></DataProperties><SyncDate>20150604</SyncDate><SyncTime>16053600</SyncTime><ModDate>20150604</ModDate><ModTime>16053600</ModTime><ArcGISProfile>INSPIRE</ArcGISProfile></Esri><dataIdInfo><envirDesc Sync="TRUE">Microsoft Windows 7 Version 6.1 (Build 7601) Service Pack 1; Esri ArcGIS 10.1.1.3143</envirDesc><dataLang><languageCode value="eng" Sync="TRUE"/><countryCode value="GBR" Sync="TRUE"/></dataLang><idCitation><resTitle Sync="TRUE">GISCO.NUTS_AT_2013</resTitle><presForm><PresFormCd value="011" Sync="TRUE"/></presForm><date><pubDate>20150604</pubDate><createDate>20150604</createDate></date></idCitation><spatRpType><SpatRepTypCd value="003" Sync="TRUE"></SpatRepTypCd></spatRpType><idAbs>&lt;DIV STYLE="text-align:Left;"&gt;&lt;DIV&gt;&lt;DIV&gt;&lt;P&gt;&lt;SPAN&gt;This data set represents the regions for level 1, 2 and 3 of the Nomenclature of Territorial Units for Statistics (NUTS) for 2013. The NUTS nomenclature is a hierarchical classification of statistical regions and subdivides the EU economic territory into regions of three different levels (NUTS 1, 2 and 3, respectively, moving from larger to smaller territorial units). NUTS 1 is the most aggregated level. The NUTS classification has been officially established through Regulation (EC) No 1059/2003 of the European Parliament and of the Council and amendments. A non official NUTS-like classification has been defined for the EFTA countries and candidate countries. An introduction to the NUTS classification is available here: http://ec.europa.eu/eurostat/web/nuts/overview &lt;/SPAN&gt;&lt;/P&gt;&lt;P&gt;&lt;SPAN&gt;This data set has been created mainly from the EuroBoundary Map v 8.0 and 8.2 (Eurogeographics), geographic information from TurkStat for Turkey, the Global Administrative Unit Layer from the Food and Agriculture Organization of the United Nations (FAO-UN) for Macedonia and a list of communes per statistical region provided by the countries. The public data set is available under the "Download link" indicated below. Available scales are 1M, 3M, 10M, 20M, 60M. The full data set is available via the "EC restricted download link" under "GISCO.NUTS_2013". Here six scale ranges (100K, 1M, 3M, 10M and 20M, 60M) are available. Note as 04/06/2015 only 100K and 01M are available. Other scales currently in production.&lt;/SPAN&gt;&lt;/P&gt;&lt;P&gt;&lt;SPAN&gt;This table can be joined to NUTS_RG and NUTS_LB by the NUTS_ID. It contains the following&lt;/SPAN&gt;&lt;/P&gt;&lt;P&gt;&lt;SPAN /&gt;&lt;/P&gt;&lt;P&gt;&lt;SPAN&gt;NUTS_NAME: Name of the NUTS region in the national language -as defined by RAMON - http://ec.europa.eu/eurostat/ramon/index.cfm?TargetUrl=DSP_PUB_WELC&lt;/SPAN&gt;&lt;/P&gt;&lt;P&gt;&lt;SPAN&gt;NUTS_LATN: Name of NUTS region in Latin characters&lt;/SPAN&gt;&lt;/P&gt;&lt;P&gt;&lt;SPAN&gt;NUTS_ASCII: Name of NUTS region in ASCII characters&lt;/SPAN&gt;&lt;/P&gt;&lt;P&gt;&lt;SPAN&gt;NUTS_HTML: Name of NUTS region in HTML characters&lt;/SPAN&gt;&lt;/P&gt;&lt;P&gt;&lt;SPAN&gt;Coverage is the economical territory of the EU, EFTA countries and candidate countries as in 2013. Official NUTS geometry has yet to be approved for Serbia and Albania.&lt;/SPAN&gt;&lt;/P&gt;&lt;/DIV&gt;&lt;/DIV&gt;&lt;/DIV&gt;</idAbs><themeKeys xmlns=""><thesaName xmlns=""><resTitle>GEMET - INSPIRE themes, version 1.0</resTitle><date><pubDate>2008-01-06T00:00:00</pubDate></date></thesaName><keyword>Statistical units</keyword></themeKeys><dataChar><CharSetCd value="004"/></dataChar><resConst><LegConsts><accessConsts><RestrictCd value="008"/></accessConsts><othConsts>(e) intellectual property rights</othConsts></LegConsts></resConst><idPoC xmlns=""><rpOrgName>European Commission, Eurostat (ESTAT), GISCO</rpOrgName><rpCntInfo><cntAddress addressType=""><eMailAdd>estat-gisco@ec.europa.eu</eMailAdd></cntAddress></rpCntInfo><role><RoleCd value="002"/></role></idPoC><tpCat><TopicCatCd value="003"/></tpCat></dataIdInfo><mdLang><languageCode value="eng" Sync="TRUE"/><countryCode value="GBR" Sync="TRUE"/></mdLang><mdChar><CharSetCd value="004" Sync="TRUE"/></mdChar><distInfo><distFormat><formatName Sync="TRUE">SDE Table</formatName></distFormat></distInfo><mdHrLv><ScopeCd value="007" Sync="TRUE"/></mdHrLv><mdHrLvName Sync="TRUE">dataset</mdHrLvName><eainfo><detailed Name="GISCO.NUTS_AT_2013"><enttyp><enttypl Sync="TRUE">GISCO.NUTS_AT_2013</enttypl><enttypt Sync="TRUE">Table</enttypt><enttypc Sync="TRUE">1951</enttypc></enttyp><attr><attrlabl Sync="TRUE">OBJECTID</attrlabl><attalias Sync="TRUE">OBJECTID</attalias><attrtype Sync="TRUE">OID</attrtype><attwidth Sync="TRUE">4</attwidth><atprecis Sync="TRUE">10</atprecis><attscale Sync="TRUE">0</attscale><attrdef Sync="TRUE">Internal feature number.</attrdef><attrdefs Sync="TRUE">Esri</attrdefs><attrdomv><udom Sync="TRUE">Sequential unique whole numbers that are automatically generated.</udom></attrdomv></attr><attr><attrlabl Sync="TRUE">OBJECTID_1</attrlabl><attalias Sync="TRUE">OBJECTID_1</attalias><attrtype Sync="TRUE">Double</attrtype><attwidth Sync="TRUE">8</attwidth><atprecis Sync="TRUE">38</atprecis><attscale Sync="TRUE">8</attscale></attr><attr><attrlabl Sync="TRUE">CNTR_CODE</attrlabl><attalias Sync="TRUE">CNTR_CODE</attalias><attrtype Sync="TRUE">String</attrtype><attwidth Sync="TRUE">255</attwidth><atprecis Sync="TRUE">0</atprecis><attscale Sync="TRUE">0</attscale></attr><attr><attrlabl Sync="TRUE">NUTS_ID</attrlabl><attalias Sync="TRUE">NUTS_ID</attalias><attrtype Sync="TRUE">String</attrtype><attwidth Sync="TRUE">255</attwidth><atprecis Sync="TRUE">0</atprecis><attscale Sync="TRUE">0</attscale></attr><attr><attrlabl Sync="TRUE">NAME_LATN</attrlabl><attalias Sync="TRUE">NAME_LATN</attalias><attrtype Sync="TRUE">String</attrtype><attwidth Sync="TRUE">255</attwidth><atprecis Sync="TRUE">0</atprecis><attscale Sync="TRUE">0</attscale></attr><attr><attrlabl Sync="TRUE">NUTS_NAME</attrlabl><attalias Sync="TRUE">NUTS_NAME</attalias><attrtype Sync="TRUE">String</attrtype><attwidth Sync="TRUE">255</attwidth><atprecis Sync="TRUE">0</atprecis><attscale Sync="TRUE">0</attscale></attr><attr><attrlabl Sync="TRUE">NAME_HTML</attrlabl><attalias Sync="TRUE">NAME_HTML</attalias><attrtype Sync="TRUE">String</attrtype><attwidth Sync="TRUE">255</attwidth><atprecis Sync="TRUE">0</atprecis><attscale Sync="TRUE">0</attscale></attr><attr><attrlabl Sync="TRUE">NAME_ASCI</attrlabl><attalias Sync="TRUE">NAME_ASCI</attalias><attrtype Sync="TRUE">String</attrtype><attwidth Sync="TRUE">255</attwidth><atprecis Sync="TRUE">0</atprecis><attscale Sync="TRUE">0</attscale></attr></detailed></eainfo><mdDateSt Sync="TRUE">20150604</mdDateSt><mdContact xmlns=""><rpOrgName>European Commission, Eurostat (ESTAT), GISCO</rpOrgName><rpCntInfo><cntAddress addressType=""><eMailAdd>estat-gisco@ec.europa.eu</eMailAdd></cntAddress></rpCntInfo></mdContact><mdFileID>fb05f48e-1680-46df-8018-6e51a5827f3a</mdFileID><dqInfo xmlns=""><dataLineage><statement>This dataset is based on: EuroBoundaryMap (EBM) v6.0 and 6.2. from EuroGeographics (scale of 1:100.000), Global Administrative Unit Layer (GAUL) 2013 country data from UN/FAO, data from the National Statistical Institute of Turkey (TurkStat), General Register Office for Scotland (GRO) (scale 1:100.000). The different scale levels were derived by generalisation of the 100K scale using ArcGIS toolbox Simplify Line command. This data set consists of 2 feature classes (region polygons and boundaries) per scale level (100k, 1M, 3M, 10M, 20M, 60M). In addition there is also a label feature class (scale independent). This label point feature class was created with a label inside each NUTS region at the 3 NUTS levels (1 - 3) and countries. Furthermore two line feature classes were created: one feature class for cartographic joiners to identify where NUTS areas have one or more enclaves and a second line feature class for cartographic separators, to identify where the NUTS limits are in the sea. The arcs of two latter feature classes are only useful for cartographic purposes and are not meant to identify actual administrative or statistical boundaries stretching into the sea or any other significance. The boundaries and regions are related to each other through a relationship table. Associated tables contain basic information such as the region's name. The 5 small scale feature classes should be used exclusively for cartographic purposes. This data set is consistent at all scales to a cluster tolerance of 0.000001 decimal degrees with the following data sets: "Communes 2013,  European Commission, Eurostat/GISCO", "Countries 2013, European Commission - Eurostat/GISCO", "Coastlines 2013, European Commission - Eurostat/GISCO", "Exclusive Economic Zones 2013, European Commission - Eurostat/GISCO" . Different tests were performed to ensure conceptual- , domain- and topological- consistency. A detailed description of these tests can be found in the GISCO data wiki.

There a minor differences in total areas between NUTS levels of less than 10 square metres, this is believed to be due to rounding when data is dissolved and is within the tolerance specified and satisfies all topology rules. Exceptions exists in the data. The island of St Martin (NUTS3:FRA10) is not included at NUTS level 1 (NUTS1:FRA) due to a change in status of the island - For EU legislation it is an outermost region (TFEU 355(1), 349), and still part of France, and even Guadeloupe (FR91, FR910). So, data for France and Guadeloupe should include St.-Martin.

Errors have been noted in some flags in the NUTS_BN data due to a line having multiple statuses e.g. Part of the line is Candidate country but part is not. These are being corrected currently.

NUTS_LB - location of points may change as further scales are produced to find a point location that is appropriate for the data at all scales.</statement></dataLineage></dqInfo></metadata>
